Interaction,Frames Present (%)
Val92(CG2)-Lig(C10),43.666666666666664
Val22(CG1)-Lig(C5),1.1666666666666667
Ala39(CB)-Lig(C10),78.66666666666667
Ile71(CD1)-Lig(C9),56.333333333333336
Leu141(CD2)-Lig(C3),7.833333333333333
Leu141(CD2)-Lig(C4),22.5
Leu14(CD1)-Lig(C11),59.0
Asp152(CB)-Lig(C6),29.166666666666668
Val92(NH)-Lig(Pyridine N),14.5
Val92(O)-Lig(Amide NH),40.666666666666664
