Interaction,Frames Present (%)
VDW Val92(CG2)-Lig(C10),18.666666666666668
VDW Val22(CG1)-Lig(C5),13.333333333333334
VDW Ala39(CB)-Lig(C10),38.0
VDW Ile71(CD1)-Lig(C9),4.0
VDW Leu141(CD2)-Lig(C3),38.333333333333336
VDW Leu141(CD2)-Lig(C4),62.5
VDW Leu14(CD1)-Lig(C11),41.166666666666664
VDW Asp152(CB)-Lig(C6),44.333333333333336
HBond Val92(NH)-Lig(Pyridine N),8.666666666666666
HBond Val92(O)-Lig(Amide NH),32.666666666666664
