Interaction,Frames Present (%)
Val92(CG2)-Lig(C10),18.666666666666668
Val22(CG1)-Lig(C5),13.333333333333334
Ala39(CB)-Lig(C10),38.0
Ile71(CD1)-Lig(C9),4.0
Leu141(CD2)-Lig(C3),38.333333333333336
Leu141(CD2)-Lig(C4),62.5
Leu14(CD1)-Lig(C11),41.166666666666664
Asp152(CB)-Lig(C6),44.333333333333336
Val92(NH)-Lig(Pyridine N),8.666666666666666
Val92(O)-Lig(Amide NH),32.666666666666664
