Interaction,Frames Present (%)
Val92(CG2)-Lig(C10),23.833333333333332
Val22(CG1)-Lig(C5),1.6666666666666667
Ala39(CB)-Lig(C10),62.0
Ile71(CD1)-Lig(C9),12.333333333333334
Leu141(CD2)-Lig(C3),67.83333333333333
Leu141(CD2)-Lig(C4),74.33333333333333
Leu14(CD1)-Lig(C11),63.666666666666664
Asp152(CB)-Lig(C6),38.166666666666664
Val92(NH)-Lig(Pyridine N),7.0
Val92(O)-Lig(Amide NH),21.0
