Interaction,Frames Present (%)
Val92(CG2)-Lig(C10),13.166666666666666
Val22(CG1)-Lig(C5),29.333333333333332
Ala39(CB)-Lig(C10),27.833333333333332
Ile71(CD1)-Lig(C9),0.16666666666666666
Leu141(CD2)-Lig(C3),60.166666666666664
Leu141(CD2)-Lig(C4),47.333333333333336
Leu14(CD1)-Lig(C11),38.5
Asp152(CB)-Lig(C6),46.666666666666664
Val92(NH)-Lig(Pyridine N),0.8333333333333334
Val92(O)-Lig(Amide NH),6.0
