Interaction,Frames Present (%)
VDW Val92(CG2)-Lig(C10),13.166666666666666
VDW Val22(CG1)-Lig(C5),29.333333333333332
VDW Ala39(CB)-Lig(C10),27.833333333333332
VDW Ile71(CD1)-Lig(C9),0.16666666666666666
VDW Leu141(CD2)-Lig(C3),60.166666666666664
VDW Leu141(CD2)-Lig(C4),47.333333333333336
VDW Leu14(CD1)-Lig(C11),38.5
VDW Asp152(CB)-Lig(C6),46.666666666666664
HBond Val92(NH)-Lig(Pyridine N),0.8333333333333334
HBond Val92(O)-Lig(Amide NH),6.0
