Interaction,Frames Present (%)
Val92(CG2)-Lig(C10),41.166666666666664
Val22(CG1)-Lig(C5),0.0
Ala39(CB)-Lig(C10),91.16666666666667
Ile71(CD1)-Lig(C9),48.833333333333336
Leu141(CD2)-Lig(C3),11.833333333333334
Leu141(CD2)-Lig(C4),59.333333333333336
Leu14(CD1)-Lig(C11),62.0
Asp152(CB)-Lig(C6),45.666666666666664
Val92(NH)-Lig(Pyridine N),31.0
Val92(O)-Lig(Amide NH),79.66666666666667
