Interaction,Frames Present (%)
VDW Val92(CG2)-Lig(C10),36.833333333333336
VDW Val22(CG1)-Lig(C5),0.3333333333333333
VDW Ala39(CB)-Lig(C10),72.66666666666667
VDW Ile71(CD1)-Lig(C9),27.166666666666668
VDW Leu141(CD2)-Lig(C3),48.333333333333336
VDW Leu141(CD2)-Lig(C4),61.333333333333336
VDW Leu14(CD1)-Lig(C11),65.66666666666667
VDW Asp152(CB)-Lig(C6),38.0
HBond Val92(NH)-Lig(Pyridine N),11.0
HBond Val92(O)-Lig(Amide NH),23.0
