Interaction,Frames Present (%)
Val92(CG2)-Lig(C10),54.833333333333336
Val22(CG1)-Lig(C5),0.5
Ala39(CB)-Lig(C10),21.5
Ile71(CD1)-Lig(C9),7.833333333333333
Leu141(CD2)-Lig(C3),22.5
Leu141(CD2)-Lig(C4),52.0
Leu14(CD1)-Lig(C11),34.5
Asp152(CB)-Lig(C6),74.16666666666667
Val92(NH)-Lig(Pyridine N),5.166666666666667
Val92(O)-Lig(Amide NH),21.333333333333332
