Interaction,Frames Present (%)
Val92(CG2)-Lig(C10),23.0
Val22(CG1)-Lig(C5),40.333333333333336
Ala39(CB)-Lig(C10),52.666666666666664
Ile71(CD1)-Lig(C9),3.0
Leu141(CD2)-Lig(C3),25.5
Leu141(CD2)-Lig(C4),25.166666666666668
Leu14(CD1)-Lig(C11),43.666666666666664
Asp152(CB)-Lig(C6),46.166666666666664
Val92(NH)-Lig(Pyridine N),2.6666666666666665
Val92(O)-Lig(Amide NH),17.5
