Interaction,Frames Present (%)
VDW Val92(CG2)-Lig(C10),27.5
VDW Val22(CG1)-Lig(C5),4.166666666666667
VDW Ala39(CB)-Lig(C10),51.666666666666664
VDW Ile71(CD1)-Lig(C9),15.666666666666666
VDW Leu141(CD2)-Lig(C3),71.33333333333333
VDW Leu141(CD2)-Lig(C4),78.16666666666667
VDW Leu14(CD1)-Lig(C11),60.833333333333336
VDW Asp152(CB)-Lig(C6),20.333333333333332
HBond Val92(NH)-Lig(Pyridine N),7.833333333333333
HBond Val92(O)-Lig(Amide NH),34.5
