Interaction,Frames Present (%)
Val92(CG2)-Lig(C10),27.5
Val22(CG1)-Lig(C5),4.166666666666667
Ala39(CB)-Lig(C10),51.666666666666664
Ile71(CD1)-Lig(C9),15.666666666666666
Leu141(CD2)-Lig(C3),71.33333333333333
Leu141(CD2)-Lig(C4),78.16666666666667
Leu14(CD1)-Lig(C11),60.833333333333336
Asp152(CB)-Lig(C6),20.333333333333332
Val92(NH)-Lig(Pyridine N),7.833333333333333
Val92(O)-Lig(Amide NH),34.5
