Interaction,Frames Present (%)
Val92(CG2)-Lig(C10),53.166666666666664
Val22(CG1)-Lig(C5),0.16666666666666666
Ala39(CB)-Lig(C10),53.5
Ile71(CD1)-Lig(C9),23.666666666666668
Leu141(CD2)-Lig(C3),68.33333333333333
Leu141(CD2)-Lig(C4),79.66666666666667
Leu14(CD1)-Lig(C11),70.0
Asp152(CB)-Lig(C6),50.0
Val92(NH)-Lig(Pyridine N),24.833333333333332
Val92(O)-Lig(Amide NH),49.333333333333336
