Interaction,Frames Present (%)
Val92(CG2)-Lig(C10),34.5
Val22(CG1)-Lig(C5),0.8333333333333334
Ala39(CB)-Lig(C10),60.333333333333336
Ile71(CD1)-Lig(C9),15.666666666666666
Leu141(CD2)-Lig(C3),54.0
Leu141(CD2)-Lig(C4),86.83333333333333
Leu14(CD1)-Lig(C11),56.166666666666664
Asp152(CB)-Lig(C6),19.5
Val92(NH)-Lig(Pyridine N),11.5
Val92(O)-Lig(Amide NH),50.0
