Interaction,Frames Present (%)
Val92(CG2)-Lig(C10),31.166666666666668
Val22(CG1)-Lig(C5),18.166666666666668
Ala39(CB)-Lig(C10),74.83333333333333
Ile71(CD1)-Lig(C9),2.5
Leu141(CD2)-Lig(C3),54.0
Leu141(CD2)-Lig(C4),79.33333333333333
Leu14(CD1)-Lig(C11),51.166666666666664
Asp152(CB)-Lig(C6),73.83333333333333
Val92(NH)-Lig(Pyridine N),3.3333333333333335
Val92(O)-Lig(Amide NH),10.166666666666666
