Interaction,Frames Present (%)
Val92(CG2)-Lig(C10),25.333333333333332
Val22(CG1)-Lig(C5),1.0
Ala39(CB)-Lig(C10),71.0
Ile71(CD1)-Lig(C9),23.0
Leu141(CD2)-Lig(C3),33.333333333333336
Leu141(CD2)-Lig(C4),39.5
Leu14(CD1)-Lig(C11),69.66666666666667
Asp152(CB)-Lig(C6),51.666666666666664
Val92(NH)-Lig(Pyridine N),10.166666666666666
Val92(O)-Lig(Amide NH),37.666666666666664
