Interaction,Frames Present (%)
Val92(CG2)-Lig(C10),13.5
Val22(CG1)-Lig(C5),20.833333333333332
Ala39(CB)-Lig(C10),60.5
Ile71(CD1)-Lig(C9),3.6666666666666665
Leu141(CD2)-Lig(C3),80.33333333333333
Leu141(CD2)-Lig(C4),85.66666666666667
Leu14(CD1)-Lig(C11),53.333333333333336
Asp152(CB)-Lig(C6),90.5
Val92(NH)-Lig(Pyridine N),2.6666666666666665
Val92(O)-Lig(Amide NH),11.166666666666666
