Interaction,Frames Present (%)
VDW Val92(CG2)-Lig(C10),13.5
VDW Val22(CG1)-Lig(C5),20.833333333333332
VDW Ala39(CB)-Lig(C10),60.5
VDW Ile71(CD1)-Lig(C9),3.6666666666666665
VDW Leu141(CD2)-Lig(C3),80.33333333333333
VDW Leu141(CD2)-Lig(C4),85.66666666666667
VDW Leu14(CD1)-Lig(C11),53.333333333333336
VDW Asp152(CB)-Lig(C6),90.5
HBond Val92(NH)-Lig(Pyridine N),2.6666666666666665
HBond Val92(O)-Lig(Amide NH),11.166666666666666
