Interaction,Frames Present (%)
Val92(CG2)-Lig(C10),0.8333333333333334
Val22(CG1)-Lig(C5),45.166666666666664
Ala39(CB)-Lig(C10),0.6666666666666666
Ile71(CD1)-Lig(C9),0.16666666666666666
Leu141(CD2)-Lig(C3),37.0
Leu141(CD2)-Lig(C4),34.833333333333336
Leu14(CD1)-Lig(C11),1.1666666666666667
Asp152(CB)-Lig(C6),0.5
Val92(NH)-Lig(Pyridine N),0.0
Val92(O)-Lig(Amide NH),0.5
