Interaction,Frames Present (%)
VDW Val92(CG2)-Lig(C10),11.666666666666666
VDW Val22(CG1)-Lig(C5),40.333333333333336
VDW Ala39(CB)-Lig(C10),25.5
VDW Ile71(CD1)-Lig(C9),4.333333333333333
VDW Leu141(CD2)-Lig(C3),39.666666666666664
VDW Leu141(CD2)-Lig(C4),44.5
VDW Leu14(CD1)-Lig(C11),45.5
VDW Asp152(CB)-Lig(C6),16.666666666666668
HBond Val92(NH)-Lig(Pyridine N),1.6666666666666667
HBond Val92(O)-Lig(Amide NH),5.333333333333333
