Interaction,Frames Present (%)
Val92(CG2)-Lig(C10),11.666666666666666
Val22(CG1)-Lig(C5),40.333333333333336
Ala39(CB)-Lig(C10),25.5
Ile71(CD1)-Lig(C9),4.333333333333333
Leu141(CD2)-Lig(C3),39.666666666666664
Leu141(CD2)-Lig(C4),44.5
Leu14(CD1)-Lig(C11),45.5
Asp152(CB)-Lig(C6),16.666666666666668
Val92(NH)-Lig(Pyridine N),1.6666666666666667
Val92(O)-Lig(Amide NH),5.333333333333333
