Interaction,Frames Present (%)
Val92(CG2)-Lig(C10),48.666666666666664
Val22(CG1)-Lig(C5),1.5
Ala39(CB)-Lig(C10),63.166666666666664
Ile71(CD1)-Lig(C9),25.5
Leu141(CD2)-Lig(C3),8.166666666666666
Leu141(CD2)-Lig(C4),11.0
Leu14(CD1)-Lig(C11),66.66666666666667
Asp152(CB)-Lig(C6),41.5
Val92(NH)-Lig(Pyridine N),14.666666666666666
Val92(O)-Lig(Amide NH),37.5
