Interaction,Frames Present (%)
Val92(CG2)-Lig(C10),37.833333333333336
Val22(CG1)-Lig(C5),2.8333333333333335
Ala39(CB)-Lig(C10),73.83333333333333
Ile71(CD1)-Lig(C9),19.833333333333332
Leu141(CD2)-Lig(C3),29.333333333333332
Leu141(CD2)-Lig(C4),35.5
Leu14(CD1)-Lig(C11),40.0
Asp152(CB)-Lig(C6),65.33333333333333
Val92(NH)-Lig(Pyridine N),15.666666666666666
Val92(O)-Lig(Amide NH),32.0
