Interaction,Frames Present (%)
Val92(CG2)-Lig(C10),3.0
Val22(CG1)-Lig(C5),13.833333333333334
Ala39(CB)-Lig(C10),1.0
Ile71(CD1)-Lig(C9),0.16666666666666666
Leu141(CD2)-Lig(C3),40.5
Leu141(CD2)-Lig(C4),29.333333333333332
Leu14(CD1)-Lig(C11),6.666666666666667
Asp152(CB)-Lig(C6),0.3333333333333333
Val92(NH)-Lig(Pyridine N),0.16666666666666666
Val92(O)-Lig(Amide NH),0.6666666666666666
