Interaction,Frames Present (%)
Val92(CG2)-Lig(C10),32.0
Val22(CG1)-Lig(C5),0.8333333333333334
Ala39(CB)-Lig(C10),67.5
Ile71(CD1)-Lig(C9),46.5
Leu141(CD2)-Lig(C3),0.8333333333333334
Leu141(CD2)-Lig(C4),4.666666666666667
Leu14(CD1)-Lig(C11),60.666666666666664
Asp152(CB)-Lig(C6),33.0
Val92(NH)-Lig(Pyridine N),16.666666666666668
Val92(O)-Lig(Amide NH),36.166666666666664
