Interaction,Frames Present (%)
Val92(CG2)-Lig(C10),35.166666666666664
Val22(CG1)-Lig(C5),0.0
Ala39(CB)-Lig(C10),73.83333333333333
Ile71(CD1)-Lig(C9),58.166666666666664
Leu141(CD2)-Lig(C3),0.0
Leu141(CD2)-Lig(C4),9.166666666666666
Leu14(CD1)-Lig(C11),72.66666666666667
Asp152(CB)-Lig(C6),84.66666666666667
Val92(NH)-Lig(Pyridine N),11.0
Val92(O)-Lig(Amide NH),44.833333333333336
