Interaction,Frames Present (%)
Val92(CG2)-Lig(C10),13.166666666666666
Val22(CG1)-Lig(C5),7.666666666666667
Ala39(CB)-Lig(C10),50.5
Ile71(CD1)-Lig(C9),9.166666666666666
Leu141(CD2)-Lig(C3),71.83333333333333
Leu141(CD2)-Lig(C4),81.66666666666667
Leu14(CD1)-Lig(C11),60.0
Asp152(CB)-Lig(C6),51.5
Val92(NH)-Lig(Pyridine N),4.166666666666667
Val92(O)-Lig(Amide NH),25.333333333333332
