Interaction,Frames Present (%)
Val92(CG2)-Lig(C10),0.3333333333333333
Val22(CG1)-Lig(C5),13.333333333333334
Ala39(CB)-Lig(C10),0.0
Ile71(CD1)-Lig(C9),0.0
Leu141(CD2)-Lig(C3),12.833333333333334
Leu141(CD2)-Lig(C4),41.5
Leu14(CD1)-Lig(C11),5.333333333333333
Asp152(CB)-Lig(C6),3.3333333333333335
Val92(NH)-Lig(Pyridine N),0.0
Val92(O)-Lig(Amide NH),0.0
