Interaction,Frames Present (%)
Val92(CG2)-Lig(C10),73.0
Val22(CG1)-Lig(C5),0.16666666666666666
Ala39(CB)-Lig(C10),57.666666666666664
Ile71(CD1)-Lig(C9),12.166666666666666
Leu141(CD2)-Lig(C3),3.0
Leu141(CD2)-Lig(C4),8.166666666666666
Leu14(CD1)-Lig(C11),63.333333333333336
Asp152(CB)-Lig(C6),43.5
Val92(NH)-Lig(Pyridine N),6.333333333333333
Val92(O)-Lig(Amide NH),31.0
