Interaction,Frames Present (%)
Val92(CG2)-Lig(C10),20.833333333333332
Val22(CG1)-Lig(C5),2.3333333333333335
Ala39(CB)-Lig(C10),68.5
Ile71(CD1)-Lig(C9),18.5
Leu141(CD2)-Lig(C3),0.0
Leu141(CD2)-Lig(C4),0.0
Leu14(CD1)-Lig(C11),40.166666666666664
Asp152(CB)-Lig(C6),35.0
Val92(NH)-Lig(Pyridine N),8.833333333333334
Val92(O)-Lig(Amide NH),17.166666666666668
