Interaction,Frames Present (%)
Val92(CG2)-Lig(C10),30.833333333333332
Val22(CG1)-Lig(C5),10.666666666666666
Ala39(CB)-Lig(C10),63.333333333333336
Ile71(CD1)-Lig(C9),14.333333333333334
Leu141(CD2)-Lig(C3),61.333333333333336
Leu141(CD2)-Lig(C4),70.5
Leu14(CD1)-Lig(C11),61.5
Asp152(CB)-Lig(C6),25.333333333333332
Val92(NH)-Lig(Pyridine N),5.333333333333333
Val92(O)-Lig(Amide NH),17.666666666666668
