Interaction,Frames Present (%)
VDW Val92(CG2)-Lig(C10),30.833333333333332
VDW Val22(CG1)-Lig(C5),10.666666666666666
VDW Ala39(CB)-Lig(C10),63.333333333333336
VDW Ile71(CD1)-Lig(C9),14.333333333333334
VDW Leu141(CD2)-Lig(C3),61.333333333333336
VDW Leu141(CD2)-Lig(C4),70.5
VDW Leu14(CD1)-Lig(C11),61.5
VDW Asp152(CB)-Lig(C6),25.333333333333332
HBond Val92(NH)-Lig(Pyridine N),5.333333333333333
HBond Val92(O)-Lig(Amide NH),17.666666666666668
